method,gm_rmse_ratio_vs_cv,gm_fit_speedup_vs_cv
KORE,0.9183476531253086,8.733712807722537
GCV,0.9302759042136967,2.8913662416540906
AIC,0.9494843775705661,2.8913662416540906
BIC,0.9360426991934189,2.8913662416540906
Cp,0.9302759042136967,2.8913662416540906
