degree,smoothness_order,predicted_g_exponent,observed_g_exponent
2,3,0.14285714285714285,0.14920886086975904
3,4,0.1111111111111111,0.11473954034889146
5,6,0.07692307692307693,0.08242959157395575
